Index,Name
121,63c259e2b65f453dd85aa3982d8c6ea2
173,c7a88c994a04f8064191198258c0f831
285,384856d28df9f1160fb133e3b46d4e9f
303,51f58229448ab7b5f79f5bda01553381
426,e4d0374d6c719ba2c340150be12de3c1
486,4a827ee585783c04d223aa5425ff63cf
514,e30da02a2f4d6fb987f3f4eceefd7cb7
705,d1d9803d5724ce3c8465b0362695928a
717,3b7770d17ee698dfc055bed227937189
920,477fd4e62a1e3a1da2aa8bdabd829e07
1061,80afbb5aa210659bd4422e1a67b5379d
1224,d3953cfcb6dbf394c0fe486e40200c61
1230,6cfb91b00604e26f4e28833532b74a1e
1286,7d48aefd4f40c03fc9cb09bc26bdbbb8
1356,5cbffd4bb7c8c4625cc94d83fdfbfc29
1494,3770be821952bffb0b53960aeb4ffcdc
1569,abe4f7cc71e88691761eece349daa2cc
1586,d8a33ec785c7730f573a245e743ddd27
1703,66957fac12dcf902dc98aa9c73051c25
1829,624faa994fc854ae2af0278a6191e8ad
1932,2ab42ac0b338d15216915576dc42650e
